Use HouseBooking
Go
-- Select dữ liệu
Select * from Room
Go
Select * from City
Go
Select * from District
Go
Select * from Street
Go
Select * from Building
Go
Select * from Type_Of_Room
Go
Select * from Convenient
Go
Select * from Building_Convenient
Go
Select * from Users
Go
Select * from Bill
Go
Select * from Bill_detail
Go
Select * from Room_Images
Go
Select * from Feedback
Go

--Delete dữ liệu
-- Delete

Delete from City
Delete from District
Delete from Street
Delete from Building
Delete from Room_Images
Delete from Type_Of_Room
Delete from Convenient
Delete from Building_Convenient
Delete from Feedback
Delete from Bill_Detail
Delete from Bill
Delete from Users
Delete from Room
Go

--Inser dữ liệu
Insert into Type_Of_Room
Values
	('type_1',N'Cổ Điển'),
	('type_2',N'Hiện Đại'),
	('type_3',N'Thiên Nhiên')
Go

Insert into City
Values
	('48', N'Quảng Ninh'),
	('15', N'Đà Nẵng'),
	('11', N'Bình Thuận'),
	('35', N'Lâm Đồng'),
	('12', N'Cà Mau'),
	('24', N'Hà Nội'),
	('58', N'Hồ Chí Minh'),
	('22', N'Hà Giang'),
	('43', N'Phú Thọ'),
	('37', N'Lào Cai')
Go

Insert into District
Values
	('3701', N'Sa Pa', '37'),
	('3702', N'Bắc Hà', '37'),

	('4301', N'Việt Trì', '43'),
	('4302', N'Ba Vì', '43'),

	('2201', N'Đồng Văn', '22'),
	('2202', N'Mèo Vạc', '22'),

	('5801', N'Quận 1', '58'),
	('5802', N'Quận 2', '58'),

	('2401', N'Quận Hoàn Kiếm', '24'),
	('2402', N'Quận Ba Đình', '24'),

	('1201', N'U Minh', '12'),
	('1202', N'Phường 6', '12'),

	('3501', N'Phường 4', '35'),
	('3502', N'Phường 8', '35'),

	('1101', N'Hàm Thuận Nam', '11'),
	('1102', N'Hàm Tân', '11'),

	('1501', N'Sơn Trà', '15'),
	('1502', N'Ngũ Hành Sơn', '15'),

	('4801', N'Vân Đồn', '48'),
	('4802', N'Cô Tô', '48')

Go

Insert into Street
Values
	('580101',N'Nguyễn Trãi', '5801'),
	('580102',N'Phạm Ngũ Lão','5801'),
	('580201',N'19','5802'),
	('580202',N'38','5802'),

	('240101',N'Lương Ngọc Quyến','2401'),
	('240102',N'Tống Duy Tân','2401'),
	('240201',N'Phan Đình Phùng','2402'),
	('240202',N'Đội Cấn','2402'),

	('220101',N'Tổ 3 (Phố Cổ)','2201'),
	('220201',N'Pả Vi','2202'),

	('430101',N'Hung Vuong Square','4301'),
	('430201',N'Văn Hoà','4302'),

	('370101',N'Fansipan','3701'),
	('370201',N'Làng Tà Chải','3702'),

	('120101',N'Khánh An','1201'),
	('120201',N'Lý Thường Kiệt','1202'),

	('350101',N'Đoàn Thị Điểm','3501'),
	('350201',N'Trần Khánh Dư','3502'),

	('110101',N'Kê Gà','1101'),
	('110201',N'Số 18','1102'),

	('150101',N'Ngô Thì Sỹ','1501'),
	('150201',N'Hoàng Sa','1502'),

	('480101',N'Minh Châu','4801'),
	('480201',N'Cô Tô','4802')

Go

Insert into Users
Values
	('User_01', N'Nguyễn Trường Giang', '/view/web/images/avatar/Giang.jpg','Owner', 'Giang', '123', '0987654321', 'GiangNTSE150747@gfpt.edu.vn'),
	('User_02', N'Trần Nhựt Hào','/view/web/images/avatar/Hao.jpg', 'User', 'haotn', '123', '0369663031', 'haotnse150564@fpt.edu.vn'),
	('User_03', N'Nguyễn Quang',null, 'User',  'Quang', '123', '0987654321', 'GiangNTSE1507471@gfpt.edu.vn'),
	('User_04', N'Nguyễn Hoàng Duy', '/view/web/images/avatar/Duy.jpg', 'Admin', 'duycute', '456', '0987654321', 'DuyNHSE15073@gfpt.edu.vn')
Go

Insert into Building
Values
	('350101_B00','123 ABC', N'Homestay ABC', null, N'Homestay Dành cho khác chỉ qua đêm', N'Homestay', N'Không hút thuốc các kiểu, chỗ này trên page dùng CKEDITOR sửa lại','350101', 'User_01'),
	('580101_B01','123 ABC',  N'Homestay ABC', null, N'Hotel có phòng rộng gần với các địa điểm nổi tiếng', N'Homesay',N'Không hút thuốc các kiểu, chỗ này trên page dùng CKEDITOR sửa lại', '580101', 'User_01'),
	('580101_B02','123 ABC',  N'Homestay ABC', null,N'Hotel có phòng đọc sách nhà ăn, v.v', N'Homestay',N'Không hút thuốc các kiểu, chỗ này trên page dùng CKEDITOR sửa lại', '580101', 'User_01'),
	('580202_B01','123 ABC', N'Homestay ABC', null, N'Khách Sạn có phòng ăn, phòng sách riêng', N'Homestay',N'Không hút thuốc các kiểu, chỗ này trên page dùng CKEDITOR sửa lại', '580202', 'User_01'),
	('240102_B01','123 ABC', N'Homestay ABC', null, N'Nhà 2 tầng đầy đủ tiện nghi thích hợp cho gia đình du lịch nhiều ngày', N'Nhà nguyên căn',N'Không hút thuốc các kiểu, chỗ này trên page dùng CKEDITOR sửa lại', '240102', 'User_01'),
	('240202_B01','123 ABC', N'Homestay ABC', null, N'Phòng cho gia đình có đầy đủ tiện nghi', N'Homestay',N'Không hút thuốc các kiểu, chỗ này trên page dùng CKEDITOR sửa lại', '240202', 'User_01'),
	('220101_B01','123 ABC', N'Homestay ABC', null, N'Khu nhà qua đêm phong cách cổ điển', N'Nhà nguyên căn',N'Không hút thuốc các kiểu, chỗ này trên page dùng CKEDITOR sửa lại','220101', 'User_01'),
	('430101_B01','123 ABC', N'Homestay ABC', null, N'Khách sạn phong cách hiện đại, đầy đủ tiện nghi, View đẹp', N'Homestay', N'Không hút thuốc các kiểu, chỗ này trên page dùng CKEDITOR sửa lại','430101', 'User_01'),
	('430201_B01','123 ABC', N'Homestay ABC', null, N'Nhà vườn, có hồ bơi bao bọc bởi cây cảnh', N'Nhà nguyên căn',N'Không hút thuốc các kiểu, chỗ này trên page dùng CKEDITOR sửa lại','430201',  'User_01')
	('370101_B01','123 ABC', N'Homestay ABC', null,N'Resort và spa có cảnh quan đẹp bao quanh bỏi hồ, vườn cảnh', N'Homestay', N'Không hút thuốc các kiểu, chỗ này trên page dùng CKEDITOR sửa lại','370101', 'User_01'),
	('370201_B01','123 ABC', N'Homestay ABC', null,N'Homestay phong cách cổ điển hài hoà với thiên nhiên', N'Homestay', N'Không hút thuốc các kiểu, chỗ này trên page dùng CKEDITOR sửa lại','370201','User_01'),
	('120201_B01','123 ABC', N'Homestay ABC', null,N'Resort bãi biển, mát mẻ', N'Homestay',N'Không hút thuốc các kiểu, chỗ này trên page dùng CKEDITOR sửa lại','120201',  'User_01'),
	('120101_B01','123 ABC', N'Homestay ABC', null,N'Nhà gô gần gũi với thiên nhiên', N'Nhà nguyên căn',N'Không hút thuốc các kiểu, chỗ này trên page dùng CKEDITOR sửa lại','120101',  'User_01'),	
	('350101_B01','123 ABC', N'Homestay ABC', null,N'Gần khu vườn, có thể dùng để mở tiệc BBQ', N'Homestay',N'Không hút thuốc các kiểu, chỗ này trên page dùng CKEDITOR sửa lại','350101',  'User_01'),
	('350201_B01','123 ABC', N'Homestay ABC', null,N'Khu vườn cạnh nhà, thân thiện thiện với thú cưng', N'Homestay', N'Không hút thuốc các kiểu, chỗ này trên page dùng CKEDITOR sửa lại','350201', 'User_01'),	
	('110201_B01','123 ABC', N'Homestay ABC', null,N'Full căn hộ 84m2 có 3 phòng riêng', N'Nhà nguyên căn',N'Không hút thuốc các kiểu, chỗ này trên page dùng CKEDITOR sửa lại','110201',  'User_01'),
	('110101_B01','123 ABC', N'Homestay ABC', null,N'Homestay cho gia đình, đầy đủ tiện nghi',  N'Homestay',N'Không hút thuốc các kiểu, chỗ này trên page dùng CKEDITOR sửa lại', '110101', 'User_01'),
	('150101_B01','123 ABC', N'Homestay ABC', null,N'Hotel có view nhìn ra thành phố', N'Hotel',N'Không hút thuốc các kiểu, chỗ này trên page dùng CKEDITOR sửa lại', '150101', 'User_01'),
	('150201_B01','123 ABC', N'Homestay ABC', null,N'Chung cư gần biển', N'Homestay',N'Không hút thuốc các kiểu, chỗ này trên page dùng CKEDITOR sửa lại','150201',  'User_01'),
	('480101_B01','123 ABC', N'Homestay ABC', null,N'Khách sạn gần bãi biển',  N'Hotel', N'Không hút thuốc các kiểu, chỗ này trên page dùng CKEDITOR sửa lại','480101', 'User_01'),
	('480201_B01','123 ABC', N'Homestay ABC', null,N'Homestay kiểu khu vườn', N'Homestay',N'Không hút thuốc các kiểu, chỗ này trên page dùng CKEDITOR sửa lại', '480201', 'User_01')
Go

Insert into Convenient
Values
	('Con_01',N'Bãi đỗ xe'),
	('Con_02',N'Hồ bơi'),
	('Con_03',N'Phòng xông hơi'),
	('Con_04',N'Wifi'),
	('Con_05',N'Cho phép mang theo vật nuôi'),
	('Con_06',N'Trung tâm thể thao'),
	('Con_07',N'Tiện nghi cho người khuyết tật')
Go

Insert into Building_Convenient
Values
	('350101_B00', 'Con_01'),
	('350101_B00', 'Con_02'),
	('350101_B00', 'Con_03'),
	('350101_B00', 'Con_04'),
	('350101_B00', 'Con_05'),
	('350101_B00', 'Con_06'),
	('350101_B00', 'Con_07'),

	('580101_B01', 'Con_01'),
	('580101_B01', 'Con_02'),
	('580101_B01', 'Con_03'),
	('580101_B01', 'Con_04'),
	('580101_B01', 'Con_05'),
	('580101_B01', 'Con_06'),
	('580101_B01', 'Con_07'),

	('110101_B01', 'Con_01'),
	('110101_B01', 'Con_02'),
	('110101_B01', 'Con_03'),
	('110101_B01', 'Con_04'),
	('110101_B01', 'Con_05'),
	('110101_B01', 'Con_06'),
	('110101_B01', 'Con_07'),

	('580202_B01', 'Con_01'),
	('580202_B01', 'Con_02'),
	('580202_B01', 'Con_03'),
	('580202_B01', 'Con_04'),
	('580202_B01', 'Con_05'),
	('580202_B01', 'Con_06'),
	('580202_B01', 'Con_07'),

	('240102_B01', 'Con_01'),
	('240102_B01', 'Con_02'),
	('240102_B01', 'Con_03'),
	('240102_B01', 'Con_04'),
	('240102_B01', 'Con_05'),
	('240102_B01', 'Con_06'),
	('240102_B01', 'Con_07'),

	('480101_B01', 'Con_01'),
	('480101_B01', 'Con_02'),
	('480101_B01', 'Con_03'),
	('480101_B01', 'Con_04'),
	('480101_B01', 'Con_05'),
	('480101_B01', 'Con_06'),
	('480101_B01', 'Con_07'),

	('240202_B01', 'Con_01'),
	('240202_B01', 'Con_02'),
	('240202_B01', 'Con_03'),
	('240202_B01', 'Con_04'),
	('240202_B01', 'Con_05'),
	('240202_B01', 'Con_06'),
	('240202_B01', 'Con_07'),

	('220101_B01', 'Con_01'),
	('220101_B01', 'Con_02'),
	('220101_B01', 'Con_03'),
	('220101_B01', 'Con_04'),
	('220101_B01', 'Con_05'),
	('220101_B01', 'Con_06'),
	('220101_B01', 'Con_07'),

	('430101_B01', 'Con_01'),
	('430101_B01', 'Con_02'),
	('430101_B01', 'Con_03'),
	('430101_B01', 'Con_04'),
	('430101_B01', 'Con_05'),
	('430101_B01', 'Con_06'),
	('430101_B01', 'Con_07')
Go

Insert into Room
Values
	('Room_01',N'Trường Giang Dalat Homestay', 'active', N'Tọa lạc tại thành phố Đà Lạt, cách Vườn hoa Đà Lạt 1,3 km, Trường Giang Dalat Hotel cung cấp chỗ nghỉ với nhà hàng, chỗ đỗ xe riêng miễn phí, sảnh khách chung và khu vườn.', 900000, 'type_2', '350101_B00'),
	('Room_02',N'ACE Hotel - Bến Thành', 'active', N'139H Nguyễn Trãi, Quận 1, TP. Hồ Chí Minh, cách chợ Bến Thành 5 phút đi bộ',450000.00,'type_2','580101_B01'),
	('Room_03',N'Calista Sai Gon Hotel', 'active', N'247-249, Lý Tự Trọng, Phường Bến Thành Quận 1, TP. Hồ Chí Minh',750000.00,'type_2','580101_B02'),
	('Room_07',N'Common Inn Thao Dien', 'active', N'19, Đường 38, Phường Thảo Điền, Quận 2, TP.HCM', 780000.00,'type_2','580202_B01'),
	('Room_04',N'WECOZY HANOI - Railway Side, The Old Quarter', 'active', N'20 Tống Duy Tân, Quận Hoàn Kiếm, Hà Nội, Việt Nam ',1000000.00,'type_2','240102_B01'),
	('Room_05',N'Lakeside House', 'active', N'135 đường Đội Cấn, quận Ba Đình, Hà Nội',325000.00,'type_2','240202_B01'),
	('Room_06',N'Ancient Town 29 Phố Cổ', 'active', N'29 tổ 3 (Phố Cổ), Đồng Văn, Việt Nam',330000.00,'type_1','220101_B01'),
	('Room_08',N'Sapa Catcat Hills Resort & Spa', 'active', N'86 Fansipan, Sapa, Việt Nam, cách ga cáp treo Fansipan Legend 14 phút đi bộ',187800.00,'type_3','370101_B01'),
	('Room_09',N'La Beauté Bắc Hà','active',N'Homestay được xây dựng tại làng Tá Chài, Bắc Hà, Lào Cai, Việt Nam, CÓ WIFI',340000,'type_1','370201_B01'),
	('Room_10',N'Nhà gỗ - Farmstay Hoa Rừng U Minh', 'active', N'Ấp 15, xã Khánh An, Huyện U Minh, tỉnh Cà Mau, Cách Cà Mau 20.9km ',360000.00,'type_3','120101_B01'),
	('Room_12',N'Lovely House','active',N'Hẻm 3 /4 Đường Đoàn Thị Điểm Phường 4 Thành phố Đà Lạt,Việt Nam',380000.00,'type_3','350101_B01'),
	('Room_13',N'Raon Valley Villa', 'active', N'44D Trần Khánh Dư, Phường 8, Da Lat, Việt Nam, Cách Vườn Hoa Đà Lạt 17 phút đi bộ',400000.00,'type_3','350101_B01'),
	('Room_14',N'Muong Thanh Luxury Phu Tho', 'active', N'Toạ lạc tại CC17 Unit, Hung Vuong Square, Việt Trì, Việt Nam ',146100.00,'type_2','430101_B01'),
	('Room_11',N'Chunlii Homestay', 'active', N'Mũi Kê Gà, xã Tân Thành, Thành Thuận Nam, Bình Thuận',444000.00,'type_2','110101_B01'),
	('Room_15',N'Cosmos Hotel Danang', 'active', N'117-119 Ngô Thì Sỹ, Phường Mỹ An, Ngũ Hành Sơn, Đà Nẵng, Việt Nam, Cách Biển Mỹ Khê 300m và Biển Bắc Mỹ An 450m',737000.00,'type_2','150101_B01'),
	('Room_16',N'Grand Pearl Minh Chau', 'active', N'Xã Minh Châu, Đảo Quan Lạn, Huyện Vân Đồn, Tỉnh Quảng Ninh, Cách bãi biển 1 phút đi bộ',2041000.00,'type_2','480101_B01'),
	('Room_17',N'Lavie Villa', 'active', N'Nằm cách Hồ Xuân Hương 2,7 km, Lavie Villa có sảnh khách chung, vườn cũng như chỗ nghỉ gắn máy điều hòa với ban công và WiFi miễn phí.',500000,'type_2','480101_B01')
Go

Insert into Bill
Values
	('Room_01_Bill_01', '2022-06-01', 2700000, N'Chờ duyệt', 'User_03')
Go

Insert into Bill_detail
Values
	('Room_01_Bill_01', 'Room_01', '2022-07-06', '2022-07-09',900000, null, 0)
Go

Insert into Room_Images
Values
	('Room_01', '/view/web/resourse/room_01_01.jpg','image-1'),
	('Room_01', '/view/web/resourse/room_01_02.jpg','image-2'),
	('Room_01', '/view/web/resourse/room_01_03.jpg','image-3'),
	('Room_02', '/view/web/resourse/room_02_01.jpg','image-1'),
	('Room_03', '/view/web/resourse/room_03_01.jpg','image-1'),
	('Room_04', '/view/web/resourse/room_04_01.jpg','image-1'),
	('Room_05', '/view/web/resourse/room_05_01.jpg','image-1'),
	('Room_06', '/view/web/resourse/room_06_01.jpg','image-1'),
	('Room_07', '/view/web/resourse/room_07_01.jpg','image-1'),
	('Room_08', '/view/web/resourse/room_08_01.jpg','image-1'),
	('Room_09', '/view/web/resourse/room_09_01.jpg','image-1'),
	('Room_10', '/view/web/resourse/room_10_01.jpg','image-1'),
	('Room_11', '/view/web/resourse/room_11_01.jpg','image-1'),
	('Room_12', '/view/web/resourse/room_12_01.jpg','image-1'),
	('Room_13', '/view/web/resourse/room_13_01.jpg','image-1'),
	('Room_14', '/view/web/resourse/room_14_01.jpg','image-1'),
	('Room_15', '/view/web/resourse/room_15_01.jpg','image-1'),
	('Room_16', '/view/web/resourse/room_16_01.jpg','image-1'),
	('Room_17', '/view/web/resourse/room_17_01.jpg','image-1')
Go